{
  "exportTimestamp": "2025-11-15T11-56-57",
  "bodyType": "teen",
  "standardAnimations": {
    "exported": {
      "spellcast": [
        "010 body bodies teen light.png",
        "020 legs pants2 thin navy.png",
        "025 feet boots rimmed thin red.png",
        "035 torso clothes shortsleeve tshirt_vneck teen black.png",
        "100 head heads human male light.png",
        "120 hair mop adult black.png"
      ],
      "thrust": [
        "010 body bodies teen light.png",
        "020 legs pants2 thin navy.png",
        "025 feet boots rimmed thin red.png",
        "035 torso clothes shortsleeve tshirt_vneck teen black.png",
        "100 head heads human male light.png",
        "120 hair mop adult black.png"
      ],
      "walk": [
        "010 body bodies teen light.png",
        "020 legs pants2 thin navy.png",
        "025 feet boots rimmed thin red.png",
        "035 torso clothes shortsleeve tshirt_vneck teen black.png",
        "100 head heads human male light.png",
        "120 hair mop adult black.png"
      ],
      "slash": [
        "010 body bodies teen light.png",
        "020 legs pants2 thin navy.png",
        "025 feet boots rimmed thin red.png",
        "035 torso clothes shortsleeve tshirt_vneck teen black.png",
        "100 head heads human male light.png",
        "120 hair mop adult black.png"
      ],
      "shoot": [
        "010 body bodies teen light.png",
        "020 legs pants2 thin navy.png",
        "025 feet boots rimmed thin red.png",
        "035 torso clothes shortsleeve tshirt_vneck teen black.png",
        "100 head heads human male light.png",
        "120 hair mop adult black.png"
      ],
      "hurt": [
        "010 body bodies teen light.png",
        "020 legs pants2 thin navy.png",
        "025 feet boots rimmed thin red.png",
        "035 torso clothes shortsleeve tshirt_vneck teen black.png",
        "100 head heads human male light.png",
        "120 hair mop adult black.png"
      ],
      "climb": [
        "010 body bodies teen light.png",
        "020 legs pants2 thin navy.png",
        "025 feet boots rimmed thin red.png",
        "035 torso clothes shortsleeve tshirt_vneck teen black.png",
        "100 head heads human male light.png",
        "120 hair mop adult black.png"
      ],
      "idle": [
        "010 body bodies teen light.png",
        "020 legs pants2 thin navy.png",
        "025 feet boots rimmed thin red.png",
        "035 torso clothes shortsleeve tshirt_vneck teen black.png",
        "100 head heads human male light.png",
        "120 hair mop adult black.png"
      ],
      "jump": [
        "010 body bodies teen light.png",
        "020 legs pants2 thin navy.png",
        "025 feet boots rimmed thin red.png",
        "035 torso clothes shortsleeve tshirt_vneck teen black.png",
        "100 head heads human male light.png",
        "120 hair mop adult black.png"
      ],
      "sit": [
        "010 body bodies teen light.png",
        "020 legs pants2 thin navy.png",
        "025 feet boots rimmed thin red.png",
        "035 torso clothes shortsleeve tshirt_vneck teen black.png",
        "100 head heads human male light.png",
        "120 hair mop adult black.png"
      ],
      "emote": [
        "010 body bodies teen light.png",
        "020 legs pants2 thin navy.png",
        "025 feet boots rimmed thin red.png",
        "035 torso clothes shortsleeve tshirt_vneck teen black.png",
        "100 head heads human male light.png",
        "120 hair mop adult black.png"
      ],
      "run": [
        "010 body bodies teen light.png",
        "020 legs pants2 thin navy.png",
        "025 feet boots rimmed thin red.png",
        "035 torso clothes shortsleeve tshirt_vneck teen black.png",
        "100 head heads human male light.png",
        "120 hair mop adult black.png"
      ],
      "combat_idle": [
        "010 body bodies teen light.png",
        "020 legs pants2 thin navy.png",
        "025 feet boots rimmed thin red.png",
        "035 torso clothes shortsleeve tshirt_vneck teen black.png",
        "100 head heads human male light.png",
        "120 hair mop adult black.png"
      ],
      "backslash": [
        "010 body bodies teen light.png",
        "020 legs pants2 thin navy.png",
        "025 feet boots rimmed thin red.png",
        "035 torso clothes shortsleeve tshirt_vneck teen black.png",
        "100 head heads human male light.png",
        "120 hair mop adult black.png"
      ],
      "halfslash": [
        "010 body bodies teen light.png",
        "020 legs pants2 thin navy.png",
        "025 feet boots rimmed thin red.png",
        "035 torso clothes shortsleeve tshirt_vneck teen black.png",
        "100 head heads human male light.png",
        "120 hair mop adult black.png"
      ]
    },
    "failed": {}
  },
  "customAnimations": {
    "exported": {},
    "failed": {}
  },
  "frameSize": 64,
  "frameCounts": {
    "spellcast": 7,
    "thrust": 8,
    "walk": 9,
    "slash": 6,
    "shoot": 13,
    "hurt": 6,
    "climb": 6,
    "idle": 2,
    "jump": 5,
    "sit": 3,
    "emote": 3,
    "run": 8,
    "combat_idle": 2,
    "backslash": 13,
    "halfslash": 7
  }
}