{
  "bodyTypeName": "teen",
  "url": "https://liberatedpixelcup.github.io/Universal-LPC-Spritesheet-Character-Generator/#?body=Body_color_light&head=Human_male_light&sex=teen&nose=none_Big_nose&hat=none_Tricorne&hat_accessory=none_Cavalier_feather&clothes=TShirt_VNeck_black&hair=Mop_black&legs=Long_Pants_navy&shoes=Rimmed_Boots_red",
  "spritesheets": "https://liberatedpixelcup.github.io/Universal-LPC-Spritesheet-Character-Generator/spritesheets/",
  "version": 1,
  "datetime": "2025/11/15 19:53:45",
  "credits": [
    {
      "fileName": "body/bodies/teen/light.png",
      "licenses": "OGA-BY 3.0,CC-BY-SA 3.0,GPL 3.0",
      "authors": "bluecarrot16,Evert,TheraHedwig,Benjamin K. Smith (BenCreating),MuffinElZangano,Durrani,Pierre Vigier (pvigier),Eliza Wyatt (ElizaWy),Matthew Krohn (makrohn),Johannes Sjölund (wulax),Stephen Challener (Redshrike)",
      "urls": "https://opengameart.org/content/liberated-pixel-cup-lpc-base-assets-sprites-map-tiles,https://opengameart.org/content/lpc-medieval-fantasy-character-sprites,https://opengameart.org/content/lpc-ladies,https://opengameart.org/content/lpc-teen-unisex-base-clothes,https://opengameart.org/content/lpc-jump-expanded,https://opengameart.org/content/lpc-revised-character-basics,https://opengameart.org/content/lpc-be-seated,https://gitlab.com/vagabondgame/lpc-characters,https://opengameart.org/content/lpc-male-jumping-animation-by-durrani,https://opengameart.org/content/lpc-jump-expanded",
      "notes": "see details at https://opengameart.org/content/lpc-character-bases; 'Thick' Male Revised Run/Climb by JaidynReiman (based on ElizaWy's LPC Revised)"
    },
    {
      "fileName": "head/heads/human/male/light.png",
      "licenses": "OGA-BY 3.0,CC-BY-SA 3.0,GPL 3.0",
      "authors": "bluecarrot16,Benjamin K. Smith (BenCreating),Stephen Challener (Redshrike)",
      "urls": "https://opengameart.org/content/liberated-pixel-cup-lpc-base-assets-sprites-map-tiles,https://opengameart.org/content/lpc-character-bases",
      "notes": "original head by Redshrike, tweaks by BenCreating, modular version by bluecarrot16"
    },
    {
      "fileName": "hair/mop/adult/black.png",
      "licenses": "CC-BY-SA 3.0,GPL 3.0",
      "authors": "Radomir Dopieralski,bluecarrot16",
      "urls": "https://opengameart.org/content/alternate-lpc-character-sprites-george,https://opengameart.org/content/lpc-hair",
      "notes": "(george)"
    },
    {
      "fileName": "torso/clothes/shortsleeve/tshirt_vneck/teen/black.png",
      "licenses": "OGA-BY 3.0",
      "authors": "ElizaWy,JaidynReiman,Stephen Challener (Redshrike),Johannes Sjölund (wulax)",
      "urls": "https://opengameart.org/content/lpc-revised-character-basics,https://github.com/ElizaWy/LPC/tree/main/Characters/Clothing,https://opengameart.org/content/lpc-expanded-sit-run-jump-more,https://opengameart.org/content/lpc-expanded-simple-shirts",
      "notes": "original by ElizaWy; spellcast/thrust/shoot/hurt/male adapted from original by JaidynReiman"
    },
    {
      "fileName": "legs/pants2/thin/navy.png",
      "licenses": "OGA-BY 3.0",
      "authors": "ElizaWy,JaidynReiman,Johannes Sjölund (wulax),Stephen Challener (Redshrike)",
      "urls": "https://github.com/ElizaWy/LPC/tree/main/Characters/Clothing,https://opengameart.org/content/lpc-expanded-sit-run-jump-more,https://opengameart.org/content/lpc-expanded-pants",
      "notes": "Original bases by Redshrike, thrust/shoot bases by Wulax, original pants by ElizaWy, climb/jump/run/sit/emotes/revised combat by JaidynReiman"
    },
    {
      "fileName": "feet/boots/rimmed/thin/red.png",
      "licenses": "OGA-BY 3.0+,CC-BY 3.0+,GPL 3.0",
      "authors": "JaidynReiman",
      "urls": "https://opengameart.org/content/lpc-kimono-relm,https://opengameart.org/content/lpc-expanded-socks-shoes",
      "notes": ""
    }
  ],
  "layers": [
    {
      "fileName": "body/bodies/teen/light.png",
      "zPos": 10,
      "parentName": "body",
      "name": "Body_color",
      "variant": "light",
      "supportedAnimations": "spellcast,thrust,walk,slash,shoot,hurt,watering,idle,jump,run,sit,emote,climb,combat,1h_slash,1h_backslash,1h_halfslash"
    },
    {
      "fileName": "legs/pants2/thin/navy.png",
      "zPos": 20,
      "parentName": "legs",
      "name": "Long_Pants",
      "variant": "navy",
      "supportedAnimations": "spellcast,thrust,walk,slash,shoot,hurt,watering,idle,jump,run,sit,emote,climb,combat,1h_slash,1h_backslash,1h_halfslash"
    },
    {
      "fileName": "feet/boots/rimmed/thin/red.png",
      "zPos": 25,
      "parentName": "shoes",
      "name": "Rimmed_Boots",
      "variant": "red",
      "supportedAnimations": "spellcast,thrust,walk,slash,shoot,hurt,watering,idle,jump,run,sit,emote,climb,combat,1h_slash,1h_backslash,1h_halfslash"
    },
    {
      "fileName": "torso/clothes/shortsleeve/tshirt_vneck/teen/black.png",
      "zPos": 35,
      "parentName": "clothes",
      "name": "TShirt_VNeck",
      "variant": "black",
      "supportedAnimations": "spellcast,thrust,walk,slash,shoot,hurt,watering,idle,jump,run,sit,emote,climb,combat,1h_slash,1h_backslash,1h_halfslash"
    },
    {
      "fileName": "head/heads/human/male/light.png",
      "zPos": 100,
      "parentName": "head",
      "name": "Human_male",
      "variant": "light",
      "supportedAnimations": "spellcast,thrust,walk,slash,shoot,hurt,watering,idle,jump,run,sit,emote,climb,combat,1h_slash,1h_backslash,1h_halfslash"
    },
    {
      "fileName": "hair/mop/adult/black.png",
      "zPos": 120,
      "parentName": "hair",
      "name": "Mop",
      "variant": "black",
      "supportedAnimations": "spellcast,thrust,walk,slash,shoot,hurt,watering,idle,jump,run,sit,emote,climb,combat,1h_slash,1h_backslash,1h_halfslash"
    }
  ]
}